{
    "sv": 1.0, 
    "pt_BR": 0.3142426525998493, 
    "nl": 0.4875659382064808, 
    "fr": 1.0, 
    "cs": 0.5418236623963828, 
    "es": 1.0, 
    "tr": 0.9378296910324039, 
    "uk": 0.4958553127354936, 
    "de": 0.5727204220045214
}